slug,name,price,city_id
martel-vs-fine-cognac-700ml,Martel Vs Fine Cognac,5600,31
dewars-white-label-750ml,Dewars White Label,1450,31
fratelli-shiraz-rose-750ml,Fratelli Shiraz Rose,795,31
hibiki-harmony-blended-japanese-whiskey-700ml,Hibiki Harmony Blended Japanese Whiskey,16555,31
bacardi-white-rum-180ml,Bacardi White Rum,170,31
antiquity-blue-750ml,Antiquity Blue,715,31
smirnoff-orange-flavour-180ml,Smirnoff Orange Flavour,170,31
iwai-mars-750ml,Iwai Mars,5199,31
samsara-pink-gin-750ml,Samsara Pink Gin,1950,31
luxardo-sambuca-dei-cesari-1000ml,Luxardo Sambuca Dei Cesari,1800,31
bush-ballad-chardonnay-white-wine-750ml,Bush Ballad Chardonnay White Wine,1590,31
old-monk-180ml-180ml,Old Monk 180Ml,50,31
1664-blanc-330ml,1664 Blanc,160,31
tilt-red-can-250ml,Tilt Red Can,150,31
bira-white-pint-330ml,Bira White Pint,95,31
magic-moment-ginger-limon-180ml,Magic Moment Ginger Limon,95,31
outback-jack-shiraz-750ml,Outback Jack Shiraz,1390,31
cointreau-700ml,Cointreau,4675,31
gordons-750ml,Gordons,1300,31
absolut-vodka-1000ml,Absolut Vodka,141,31
carlsberg-elephant-strong-can-500ml,Carlsberg Elephant Strong Can,115,31
cinzano-prosecco-750ml,Cinzano Prosecco,1926,31
sula-brut-750ml,Sula Brut,1395,31
henkell-trocken-sparkling-wine-750ml,Henkell Trocken Sparkling Wine,1990,31
hendricks-gin-700ml,Hendricks Gin,3780,31
campari-750ml,Campari,2411,31
goru-el-blanco-750ml,Goru El Blanco,4390,31
grover-riesling-white-750ml,Grover Riesling White,935,31
johnnie-walker-gold-reserve-750ml,Johnnie Walker Gold Reserve,5300,31
belvedere-vodka-700ml,Belvedere Vodka,3598,31
the-glenlivet-single-malt18yrs-700ml,The Glenlivet Single Malt18Yrs,13500,31
don-julio-reposado-750ml,Don Julio Reposado,8000,31
jim-beam-black-straight-bourbon-whiskey-750ml,Jim Beam Black Straight Bourbon Whiskey,4170,31
mcdowell-celebration-rum-180ml,Mcdowell Celebration Rum,53,31
black-tower-pinot-noir-750ml,Black Tower Pinot Noir,1690,31
brewdog-punk-ipa-330ml,Brewdog Punk Ipa,240,31
sula-satori-red-375ml,Sula Satori Red,760,31
old-monk-xxx-750ml,Old Monk XXX,220,31
iwai-tradition-mars-750ml,Iwai Tradition Mars,7985,31
bira-blonde-330ml,Bira Blonde,70,31
budweiser-light-can-500ml,Budweiser Light Can,100,31
bush-tropical-citrus-rum-700ml,Bush Tropical Citrus Rum,4850,31
glenlivet-founder-750ml,Glenlivet Founder,5300,31
oaksmith-gold-whisky-750ml,Oaksmith Gold Whisky,690,31
ballantines-15yrs-single-malt-scotch-whiksy-700ml,Ballantines 15Yrs Single Malt Scotch Whiksy,7000,31
camikara-rum-cask-3-yrs-aged-750ml,Camikara Rum Cask 3 Yrs Aged,1800,31
the-macallan-18yrs-double-cask-750ml,The Macallan 18Yrs Double Cask,79000,31
bg-cotes-du-rhone-750ml,B&G Cotes Du Rhone,2198,31
ballantine-finest-blended-scotch-whisky-200ml,Ballantine Finest Blended Scotch Whisky,480,31
ballantine-aged-12-yrs-blended-scotch-whisky-750ml,Ballantine Aged 12 Yrs Blended Scotch Whisky,3200,31
longitude-77-indian-single-malt-750ml,Longitude 77 Indian Single Malt,4500,31
carlsberg-light-330ml,Carlsberg Light,65,31
dewars-18-yrs-750ml,Dewars 18 Yrs,7500,31
aperol-750ml,Aperol,1937,31
nederburg-winemaster-res-sauvignon-blanc-750ml,Nederburg Winemaster Res Sauvignon Blanc,2690,31
old-smuggler-scotch-750ml,Old Smuggler Scotch,1350,31
moskovskaya-voda-700ml,Moskovskaya Voda,1890,31
jameson-irish-whiskey-750ml,Jameson Irish Whiskey,2375,31
jack-daniels-tennessee-honey-750ml,Jack Daniels Tennessee Honey,3200,31
golfer-shot-18-hole-750ml,Golfer Shot 18 Hole,680,31
ballantine-aged-17-yrs-blended-scotch-whisky-750ml,Ballantine Aged 17 Yrs Blended Scotch Whisky,8500,31
fratelli-sauvignon-blanc-750ml,Fratelli Sauvignon Blanc,795,31
royal-green-whisky-750ml,Royal Green Whisky,370,31
grover-art-collection-shiraz-750ml,Grover Art Collection Shiraz,820,31
absolut-raspberri-750ml,Absolut Raspberri,2375,31
oaken-glow-180ml,Oaken Glow,125,31
glenfiddich-15-years-700ml,Glenfiddich 15 Years,8200,31
magic-moment-ginger-limon-750ml,Magic Moment Ginger Limon,380,31
ardbeg-wee-beastie-5-yrs-700ml,Ardbeg Wee Beastie 5 Yrs,7483,31
mirabeau-dry-gin-700ml,Mirabeau Dry Gin,11200,31
veuve-clicquot-750ml,Veuve Clicquot,9571,31
mateus-sparkling-brut-rose-750ml,Mateus Sparkling Brut Rose,545,31
flor-de-cana-700ml,Flor De Cana,5400,31
amrut-fusion-single-malt-750ml,Amrut Fusion Single Malt,3050,31
bacardi-white-rum-750ml,Bacardi White Rum,700,31
malfy-lemon-gin-750ml,Malfy Lemon Gin,3230,31
clase-azul-plata-700ml,Clase Azul Plata,26420,31
grover-chene-grand-reserv-chardonnay-750ml,Grover Chene Grand Reserv Chardonnay,2200,31
teachers-highland-cream-180ml,Teachers Highland Cream,355,31
mount-gay-eclipse-barados-rum-700ml,Mount Gay Eclipse Barados Rum,3450,31
moet-chandon-rose-imperial-750ml,Moet & Chandon Rose Imperial,10830,31
patron-reposado-200ml,Patron Reposado,2800,31
noi-sparkling-rose-750ml,Noi Sparkling Rose,980,31
baileys-salted-caramel-liqueur-750ml,Baileys Salted Caramel Liqueur,2920,31
diplomatico-planas-700ml,Diplomatico Planas,4850,31
glenkinchie-12-yrs-750ml,Glenkinchie 12 Yrs,6600,31
jacobs-creek-chardonnay-pinot-noir-750ml,Jacobs Creek Chardonnay Pinot Noir,1850,31
jameson-stout-edition-caskmate-750ml,Jameson Stout Edition Caskmate,2840,31
grover-one-tree-hill-white-750ml,Grover One Tree Hill White,510,31
le-grand-chardonnay-750ml,Le Grand Chardonnay,2150,31
grover-la-reserve-fume-blanc-750ml,Grover La Reserve Fume Blanc,1125,31
antiquity-blue-180ml,Antiquity Blue,170,31
royal-ranthambore-750ml,Royal Ranthambore,1400,31
jim-beam-orange-750ml,Jim Beam Orange,3200,31
bushmill-21yrs-single-malt-700ml,Bushmill 21Yrs Single Malt,49999,31
the-ardmore-highland-single-malt-700ml,The Ardmore Highland Single Malt,3835,31
antiquity-blue-375ml,Antiquity Blue,330,31
bg-cabernet-sauvignon-750ml,B&G Cabernet Sauvignon,1790,31
fratelli-classic-merlot-750ml,Fratelli Classic Merlot,740,31
martell-v-s-o-p-red-barrel-700ml,Martell V.S.O.P. Red Barrel,11000,31
cocalero-classico-700ml,Cocalero Classico,4195,31
five-reserve-pinotage-750ml,Five Reserve Pinotage,1498,31
martini-asti-750ml,Martini Asti,2200,31
jack-daniels-old-no-7-200ml,Jack Daniels Old No 7,853,31
moet-chandon-ice-imperial-750ml,Moet & Chandon Ice Imperial,9606,31
glenmorangie-x-750ml,Glenmorangie X,4495,31
le-grand-noir-cabernet-sauvignon-750ml,Le Grand Noir Cabernet Sauvignon,1600,31
chivas-regal-12-yr-750ml,Chivas Regal 12 Yr,3320,31
balvenie-21-yrs-700ml,Balvenie 21 Yrs,54000,31
tenjaku-whisky-700ml,Tenjaku Whisky,2800,31
ruffino-chianti-750ml,Ruffino Chianti,2950,31
omar-single-malt-bourbon-700ml,Omar Single Malt Bourbon,10000,31
sula-brut-tropical-750ml,Sula Brut Tropical,1495,31
bro-code-light-beer-330ml,Bro Code Light Beer,120,31
grover-la-reserva-white-750ml,Grover La Reserva White,1125,31
bacardi-ocho-8yrs-750ml,Bacardi Ocho 8Yrs,3500,31
don-angel-bianco-tequila-750ml,Don Angel Bianco Tequila,2850,31
budweiser-light-330ml,Budweiser Light,65,31
woodbridge-zinfandel-750ml,Woodbridge Zinfandel,2950,31
golfers-shot-750ml,Golfers Shot,680,31
chivas-xx-ultis-1000ml,Chivas Xx Ultis,18700,31
copper-dog-700ml,Copper Dog,4050,31
trapiche-malbec-750ml,Trapiche Malbec,1550,31
patron-reposado-750ml,Patron Reposado,8100,31
absolut-vodka-750ml,Absolut Vodka,2120,31
nederburg-pinotage-2020-750ml,Nederburg Pinotage 2020,2980,31
glenmorangie-18-750ml,Glenmorangie 18,16344,31
kingfisher-premium-lager-can-500ml,Kingfisher Premium Lager Can,75,31
fratelli-classic-shiraz-750ml,Fratelli Classic Shiraz,645,31
budweiser-strong-can-500ml,Budweiser Strong Can,115,31
sangam-world-malt-750ml,Sangam World Malt,4350,31
woodford-reserve-750ml,Woodford Reserve,6900,31
jagermeister-liqueur-700ml,Jagermeister Liqueur,3285,31
bushmills-original-700ml,Bushmills Original,2375,31
short-story-white-rum-750ml,Short Story White Rum,900,31
trapiche-oak-cask-malbec-750ml,Trapiche Oak Cask Malbec,2130,31
bacardi-limon-750ml,Bacardi Limon,715,31
camino-real-gold-tequila-750ml,Camino Real Gold Tequila,2600,31
x-rated-fusion-liqueur-750ml,X Rated Fusion Liqueur,2650,31
noi-sparkling-375ml,Noi Sparkling,540,31
teeling-small-batch-whiskey-750ml,Teeling Small Batch Whiskey,6995,31
100-pipers-dlx-blended-scotch-375ml,100 Pipers Dlx Blended Scotch,103,31
blenders-pride-reserve-collection-375ml,Blenders Pride Reserve Collection,400,31
aberlour-16-year-700ml,Aberlour 16 Year,9700,31
arthaus-whisky-750ml,Arthaus Collective Blended Malt,3700,31
kingfisher-light-650ml,Kingfisher Light,97,31
corona-can-500ml,Corona Can,150,31
lazzaroni-maraschino-700ml,Lazzaroni Maraschino,4975,31
oaksmith-gold-whisky-180ml,Oaksmith Gold Whisky,170,31
jack-daniels-tennessee-cola-can-330ml,Jack Daniels Tennessee Cola Can,180,31
scottish-leader-blended-scotch-whisky-750ml,Scottish Leader Blended Scotch Whisky,1950,31
magic-moment-orange-180ml,Magic Moment Orange,100,31
jacobs-creek-double-barrel-shiraz-750ml,Jacobs Creek Double Barrel Shiraz,2200,31
singleton-12-yrs-700ml,Singleton 12 Yrs,4900,31
triple-sec-teichenne-700ml,Triple Sec Teichenne,600,31
black-white-180ml,Black & White,350,31
johnnie-walker-black-label-200ml,Johnnie Walker Black Label,1000,31
grover-soiree-rose-brut-750ml,Grover Soiree Rose Brut,1300,31
dewars-15-year-750ml,Dewars 15 Year,4000,31
royal-stag-barrel-select-180ml,Royal Stag Barrel Select,85,31
meukow-vs-cognac-700ml,Meukow Vs Cognac,8750,31
paul-john-roulette-whisky-180ml,Paul John Roulette Whisky,300,31
bacardi-grand-reserva-diez-10-year-rum-750ml,Bacardi Grand Reserva Diez 10 Year Rum,6500,31
johnnie-walker-red-rye-finish-700ml,Johnnie Walker Red Rye Finish,2250,31
godawan-02-fruit-and-spicy-700ml,Godawan 02 Fruit And Spicy,3800,31
ballantine-7yrs-bourbon-barrel-750ml,Ballantine 7Yrs Bourbon Barrel,2580,31
whispering-angel-750ml,Whispering Angel,5621,31
campo-viejo-tempranillo-blanco-750ml,Campo Viejo Tempranillo Blanco,1700,31
grover-la-reserve-red-750ml,Grover La Reserve Red,1125,31
absolut-mandrin-750ml,Absolut Mandrin,2375,31
beefeater-london-dry-gin-750ml,Beefeater London Dry Gin,2200,31
imperial-blue-375ml,Imperial Blue,170,31
kraken-700ml,Kraken,4850,31
kingfisher-premium-malt-strong-650ml,Kingfisher Premium Malt Strong,110,31
fireball-whiskey-750ml,Fireball Whiskey,1100,31
bira-gold-can-500ml,Bira Gold Can,125,31
romanov-750ml,Romanov,280,31
husky-vodka-700ml,Husky Vodka,2200,31
breezer-blueberry-275ml,Breezer Blueberry,100,31
corona-330ml,Corona,120,31
chandon-brut-rose-750ml,Chandon Brut Rose,2600,31
schwartzhog-750ml,Schwartzhog,2550,31
paul-john-roulette-whisky-750ml,Paul John Roulette Whisky,5500,31
old-monk-the-legend-750ml,Old Monk The Legend,715,31
morpheus-brandy-750ml,Morpheus Brandy,630,31
suntory-whisky-toki-700ml,Suntory Whisky Toki,4000,31
blenders-pride-reserve-collection-180ml,Blenders Pride Reserve Collection,200,31
woodbridge-carbnet-sauvignon-750ml,Woodbridge Carbnet Sauvignon,2950,31
bacardi-breezer-lemonade-275ml,Bacardi Breezer Lemonade,110,31
michel-lynch-sauvignon-blanc-750ml,Michel Lynch Sauvignon Blanc,3556,31
sula-rasa-cab-sauvignon-750ml,Sula Rasa Cab Sauvignon,1930,31
johnnie-walker-blue-label-750ml,Johnnie Walker Blue Label,18000,31
grand-macnish-scotch-1000ml,Grand Macnish Scotch,4200,31
oaksmith-international-whisky-180ml,Oaksmith International Whisky,100,31
jacobs-creek-chardonnay-750ml,Jacobs Creek Chardonnay,1500,31
teacher-golden-12yr-750ml,Teacher Golden 12Yr,2600,31
the-glengrant-12yrs-750ml,The Glengrant 12Yrs,4937,31
sula-dindori-reserve-red-wine-750ml,Sula Dindori Reserve Red Wine,1135,31
casa-el-unico-750ml,Casa El Unico,1850,31
glengrant-10-yr-750ml,Glengrant 10 Yr,4000,31
martini-fiero-750ml,Martini Fiero,1900,31
simba-strong-beer-can-500ml,Simba Strong Beer Can,90,31
sula-zinfandel-rose-750ml,Sula Zinfandel Rose,750,31
woodbridge-white-zinfandel-750ml,Woodbridge White Zinfandel,2950,31
codigo-1530-blanco-750ml,Codigo 1530 Blanco,10500,31
baileys-irish-cream-750ml,Baileys Irish Cream,2920,31
godawan-01-rich-and-rounded-700ml,Godawan 01 Rich And Rounded,3800,31
chateauneuf-du-pape-750ml,Chateauneuf Du Pape,7250,31
aultmore-speyside-single-malt-12y-700ml,Aultmore Speyside Single Malt 12Y,6500,31
kah-reposado-700ml,Kah Reposado,12500,31
jim-beam-180ml,Jim Beam,500,31
blender-pride-180ml,Blender Pride,170,31
the-glenfiddich-12-yrs-700ml,The Glenfiddich 12 Yrs,5600,31
tenjaku-pure-malt-700ml,Tenjaku Pure Malt,5899,31
mateus-rose-750ml,Mateus Rose,2100,31
artic-vodka-750ml,Artic Vodka,700,31
singleton-18yrs-750ml,Singleton 18Yrs,11800,31
yamazaki-12-yrs-700ml,Yamazaki 12 Yrs,16555,31
john-barr-reserve-blended-scotch-750ml,John Barr Reserve Blended Scotch,2100,31
baron-de-lestac-bordeaux-750ml,Baron De Lestac Bordeaux,2200,31
smirnoff-vodka-180ml,Smirnoff Vodka,170,31
balvenie-14-yrs-700ml,Balvenie 14 Yrs,12200,31
lucifers-gold-devils-whisky-700ml,Lucifers Gold Devils Whisky,1695,31
macallan-15-yr-750ml,Macallan 15 Yr,35000,31
le-grand-noir-red-blend-750ml,Le Grand Noir Red Blend,1600,31
grover-art-collection-rose-750ml,Grover Art Collection Rose,820,31
budweiser-light-650ml,Budweiser Light,130,31
royal-stag-2000ml,Royal Stag,920,31
oban-14-years-750ml,Oban 14 Years,8000,31
cloudy-bay-sauvignon-blanc-750ml,Cloudy Bay Sauvignon Blanc,5092,31
kingfisher-light-330ml,Kingfisher Light,60,31
amarone-dla-valpolicella-750ml,Amarone Dla Valpolicella,11870,31
royal-challenge-american-pride-750ml,Royal Challenge American Pride,700,31
vat-69-750ml,Vat 69,1060,31
glenfiddich-30-years-700ml,Glenfiddich 30 Years,155000,31
grover-art-collection-chenin-blanc-375ml,Grover Art Collection Chenin Blanc,560,31
grover-soiree-brut-750ml,Grover Soiree Brut,1150,31
amora-red-wine-750ml,Amora Red Wine,375,31
laurent-perrier-rose-750ml,Laurent Perrier Rose,17500,31
100-pipers-dlx-blended-scotch-180ml,100 Pipers Dlx Blended Scotch,320,31
short-story-grain-vodka-750ml,Short Story Grain Vodka,900,31
royal-ranthambore-375ml,Royal Ranthambore,115,31
dewars-aged-8-years-700ml,Dewars Aged 8 Years,2500,31
ballantine-finest-blended-scotch-whisky-375ml,Ballantine Finest Blended Scotch Whisky,115,31
belenkaya-gold-700ml,Belenkaya Gold,1450,31
absolut-vodka-elyx-750ml,Absolut Vodka Elyx,3510,31
teachers-highland-cream-1000ml,Teachers Highland Cream,110,31
budweiser-magnum-330ml,Budweiser Magnum,80,31
johnnie-walker-18-yrs-750ml,Johnnie Walker 18 Yrs,10000,31
estrella-damm-barcelona-lager-beer-pint-330ml,Estrella Damm Barcelona Lager Beer Pint,250,31
bowmore-islay-single-malt-15-yrs-700ml,Bowmore Islay Single Malt 15 Yrs,9750,31
the-bush-rum-guava-700ml,The Bush Rum Guava,4850,31
glenmorangie-12yrs-lasanta-750ml,Glenmorangie 12Yrs Lasanta,8464,31
the-solan-gold-750ml,The Solan Gold,3200,31
russian-standard-750ml,Russian Standard,2250,31
grover-one-tree-hill-red-750ml,Grover One Tree Hill Red,645,31
grover-art-collection-merlot-750ml,Grover Art Collection Merlot,825,31
grey-goose-1000ml,Grey Goose,12000,31
tito-handmade-vodka-750ml,Tito Handmade Vodka,3390,31
signature-rare-green-180ml,Signature Rare Green,80,31
the-london-no-1-1000ml,The London No 1,880,31
clarendelle-aoc-bordeaux-rouge-750ml,Clarendelle Aoc Bordeaux Rouge,5326,31
indri-trini-750ml,Indri Trini,3300,31
laphroaig-10-yrs-750ml,Laphroaig 10 Yrs,7760,31
tamras-gin-700ml,Tamras Gin,1950,31
absolut-raspberri-200ml,Absolut Raspberri,645,31
ardbeg-10yrs-700ml,Ardbeg 10Yrs,9238,31
sula-dindori-chardonnay-750ml,Sula Dindori Chardonnay,820,31
black-dog-gold-reserve-750ml,Black Dog Gold Reserve,1900,31
martini-rose-sparkling-750ml,Martini Rose Sparkling,2200,31
1800-reposado-750ml,1800 Reposado,6750,31
stolichnaya-gold-750ml,Stolichnaya Gold,3150,31
finlandia-vodka-750ml,Finlandia Vodka,2000,31
breezer-cranberry-275ml,Breezer Cranberry,100,31
magic-moment-green-apple-180ml,Magic Moment Green Apple,100,31
cloudy-bay-pinot-noir-750ml,Cloudy Bay Pinot Noir,6572,31
sula-madera-red-wine-750ml,Sula Madera Red Wine,495,31
ashanti-spiced-rum-700ml,Ashanti Spiced Rum,3275,31
molinari-sambuca-750ml,Molinari Sambuca,3049,31
barton-guestier-merlot-reserve-750ml,Barton & Guestier Merlot Reserve,1850,31
two-oceans-shiraz-750ml,Two Oceans Shiraz,1800,31
dalmore-12-yrs-single-malt-700ml,Dalmore 12 Yrs Single Malt,12500,31
rampur-750ml,Rampur,7200,31
don-julio-blanco-750ml,Don Julio Blanco,7200,31
moskovskaya-pink-vodka-700ml,Moskovskaya Pink Vodka,1975,31
maya-pistola-reposado-tequila-750ml,Maya Pistola Reposado,2985,31
fandango-mezcal-750ml,Fandango Mezcal,7000,31
royal-challenge-whisky-375ml,Royal Challenge Whisky,185,31
teremana-reposado-750ml,Teremana Reposado,16000,31
grover-la-reserve-brut-750ml,Grover La Reserve Brut,2200,31
smirnoff-green-apple-180ml,Smirnoff Green Apple,170,31
fratelli-shiraz-750ml,Fratelli Shiraz,795,31
royal-salute-21-yrs-700ml,Royal Salute 21 Yrs,16000,31
woodburns-contemporary-indian-whisky-750ml,Woodburns Blended Indian Malt Whisky,1600,31
greater-than-broken-bat-gin-750ml,Greater Than Broken Bat Gin,1450,31
beefeater-pink-700ml,Beefeater Pink,2400,31
grover-art-collection-viognier-white-750ml,Grover Art Collection Viognier White,775,31
jack-daniels-singal-barrel-750ml,Jack Daniels Singal Barrel,7970,31
malhar-classic-dry-indian-craft-gin-750ml,Malhar Classic Dry Indian Craft Gin,3075,31
meukow-cognac-vsop-700ml,Meukow Cognac VSOP,9800,31
fratelli-kyra-red-750ml,Fratelli Kyra Red,2100,31
kavalan-classic-700ml,Kavalan Classic,8990,31
fratelli-cabernet-sauvignon-750ml,Fratelli Cabernet Sauvignon,985,31
bowmore-islay-single-malt-12-yrs-750ml,Bowmore Islay Single Malt 12 Yrs,6615,31
fratelli-chardonnay-750ml,Fratelli Chardonnay,935,31
chateau-goumin-bordeaux-750ml,Chateau Goumin Bordeaux,3725,31
black-dog-black-centenary-750ml,Black Dog Black Centenary,1400,31
glenmorangie-the-original-750ml,Glenmorangie The Original,4926,31
heineken-beer-330ml,Heineken Beer,75,31
moonshine-grilled-pineapple-mead-330ml,Moonshine Grilled Pineapple Mead,160,31
aberfeldy-12-year-750ml,Aberfeldy 12 Year,4850,31
jameson-black-barrel-750ml,Jameson Black Barrel,3600,31
breezer-jamaican-passion-275ml,Breezer Jamaican Passion,100,31
gentleman-jack-750ml,Gentleman Jack,4300,31
mc-dowells-no-1-180ml,Mc Dowells No 1,85,31
smirnoff-vodka-750ml,Smirnoff Vodka,700,31
the-glenlivet-15-yrs-700ml,The Glenlivet 15 Yrs,7800,31
amarula-cream-750ml,Amarula Cream,3800,31
wild-turkey-750ml,Wild Turkey,2814,31
hoegaarden-witbier-330ml,Hoegaarden Witbier,120,31
kah-blanco-700ml,Kah Blanco,11450,31
grants-triple-wood-750ml,Grants Triple Wood,1610,31
sula-seco-sparkling-750ml,Sula Seco Sparkling,725,31
hennessy-xo-700ml,Hennessy XO,29056,31
riunite-lambrusco-emilia-igt-amabile-750ml,Riunite Lambrusco Emilia Igt Amabile,1950,31
tanqueray-750ml,Tanqueray,2500,31
glenfiddich-26-years-700ml,Glenfiddich 26 Years,77500,31
woodbridge-sauvignon-blanc-750ml,Woodbridge Sauvignon Blanc,2199,31
grover-raya-red-750ml,Grover Raya Red,415,31
greater-than-london-gin-750ml,Greater Than London Gin,900,31
rockford-reserve-180ml,Rockford Reserve,162,31
1800-silver-750ml,1800 Silver,6500,31
fratelli-sette-2019-750ml,Fratelli Sette 2019,2100,31
bacardi-gold-rum-750ml,Bacardi Gold Rum,715,31
barrhead-one-speyside-single-malt-700ml,Barrhead One Speyside Single Malt,4850,31
famille-perrin-cotes-du-rhone-reserve-750ml,Famille Perrin Cotes Du Rhone Reserve,5332,31
clase-azul-reposado-700ml,Clase Azul Reposado,41422,31
brewdog-lost-lager-can-440ml,Brewdog Lost Lager Can,240,31
perrin-reserve-cotes-du-rhone-rouge-750ml,Perrin Reserve Cotes Du Rhone Rouge,5332,31
bottega-pinot-grigio-delle-venezie-750ml,Bottega Pinot Grigio Delle Venezie,3200,31
ciroc-750ml,Ciroc,3350,31
outback-jack-chardonnay-750ml,Outback Jack Chardonnay,1390,31
breezer-watermelon-flavour-275ml,Breezer Watermelon Flavour,100,31
teeling-whiskey-single-malt-700ml,Teeling Whiskey Single Malt,6995,31
jose-cuervo-esp-silver-750ml,Jose Cuervo Esp. Silver,2950,31
khor-silver-cool-750ml,Khor Silver Cool,1650,31
the-generation-whisky-750ml,The Generation Whisky,500,31
lovers-rum-700ml,Lovers Rum,8600,31
royal-stag-750ml,Royal Stag,370,31
teachers-50-180ml,Teachers 50,165,31
cono-sur-pinot-noir-750ml,Cono Sur Pinot Noir,1750,31
hakutsuru-sake-750ml,Hakutsuru Sake,4000,31
bull-dog-750ml,Bull Dog,2200,31
beluga-celebration-1000ml,Beluga Celebration,7850,31
tanqueray-ten-1000ml,Tanqueray Ten,5000,31
frontera-shiraz-750ml,Frontera Shiraz,1590,31
codigo-1530-rosa-tequila-750ml,Codigo 1530 Rosa Tequila,14750,31
jack-daniels-tennesse-whisky-750ml,Jack Daniels Tennesse Whisky,3200,31
rockford-reserve-750ml,Rockford Reserve,840,31
paul-john-nirvana-750ml,Paul John Nirvana,1850,31
brancott-estate-pinot-noir-750ml,Brancott Estate Pinot Noir,2200,31
heineken-beer-650ml,Heineken Beer,140,31
glenfiddich-grand-23-yrs-700ml,Glenfiddich Grand 23 Yrs,38000,31
makers-mark-straight-bourbon-whisky-750ml,Makers Mark Straight Bourbon Whisky,5360,31
fratelli-sangiovese-750ml,Fratelli Sangiovese,1065,31
tenjaku-gin-700ml,Tenjaku Gin,2800,31
roberto-cavalli-ultra-premium-vodka-750ml,Roberto Cavalli Ultra Premium Vodka,8750,31
the-glenlivet-xxv-700ml,The Glenlivet XXV,50000,31
sula-dindori-reserve-viognier-750ml,Sula Dindori Reserve Viognier,1150,31
kingfisher-ultra-max-650ml,Kingfisher Ultra Max,110,31
simba-roar-edition-light-pint-330ml,Simba Roar Edition Light Pint,70,31
johnnie-walker-red-label-750ml,Johnnie Walker Red Label,1800,31
jim-beam-honey-750ml,Jim Beam Honey,3200,31
bex-nahe-riesiling-qba-750ml,Bex Nahe Riesiling Qba,2739,31
mc-dowells-no-1-375ml,Mc Dowells No 1,170,31
fratelli-carbernet-franc-shiraz-750ml,Fratelli Carbernet Franc Shiraz,935,31
anakena-birdman-sauvignon-blanc-750ml,Anakena Birdman Sauvignon Blanc,1125,31
glenfiddich-21-yrs-700ml,Glenfiddich 21 Yrs,27000,31
haymans-exotic-citrus-gin-700ml,Haymans Exotic Citrus Gin,4850,31
mc-dowells-no-1-750ml,Mc Dowells No 1,340,31
breezer-blackberry-275ml,Breezer Blackberry,100,31
chivas-regal-12-yr-200ml,Chivas Regal 12 Yr,875,31
vat-69-180ml,Vat 69,260,31
sula-reisling-white-750ml,Sula Reisling White,895,31
bottega-gold-prosecco-750ml,Bottega Gold Prosecco,8500,31
johnnie-walker-black-label-1000ml,Johnnie Walker Black Label,225,31
bacardi-anejo-cuatro-4-year-750ml,Bacardi Anejo Cuatro 4 Year,2800,31
oaken-glow-750ml,Oaken Glow,550,31
romanov-375ml,Romanov,140,31
hardys-chardonnay-750ml,Hardys Chardonnay,1100,31
gianchand-750ml,Gianchand,4850,31
resolute-pink-vodka-750ml,Resolute Pink Vodka,850,31
jura-10-yrs-single-malt-700ml,Jura 10 Yrs Single Malt,6685,31
absolut-lime-750ml,Absolut Lime,2375,31
ron-barcelo-dark-gran-anejo-750ml,Ron Barcelo Dark Gran Anejo,3199,31
stranger-sons-gin-700ml,Stranger & Sons Gin,1750,31
dom-perignon-rose-750ml,Dom Perignon Rose,64406,31
creyente-mezcal-750ml,Creyente Mezcal,6500,31
mount-gay-black-barrel-1000ml,Mount Gay Black Barrel,9250,31
casa-maestri-anejo-vodka-750ml,Casa Maestri Anejo Vodka,19500,31
clase-azul-anejo-tequila-700ml,Clase Azul Anejo Tequila,134031,31
jack-daniels-fire-750ml,Jack Daniels Fire,3200,31
castillo-de-santiago-750ml,Castillo De Santiago,1420,31
golfers-shot-180ml,Golfers Shot,54,31
de-bortoli-brut-cuvee-750ml,De Bortoli Brut Cuvee,1850,31
paul-john-brilliance-750ml,Paul John Brilliance,4200,31
amaro-montenegro-750ml,Amaro Montenegro,3800,31
officers-choice-blue-180ml,Officers Choice Blue,58,31
doaab-india-craft-why-single-malt-750ml,Doaab India Craft Single Malt,3150,31
tamnavulin-scotch-700ml,Tamnavulin Scotch,5280,31
bombay-sapphire-750ml,Bombay Sapphire,2750,31
fratelli-classic-chenin-750ml,Fratelli Classic Chenin,645,31
the-botanist-islay-dry-gin-700ml,The Botanist Islay Dry Gin,6500,31
clarendelle-bordeaux-rose-750ml,Clarendelle Bordeaux Rose,3979,31
chivas-regal-18-yrs-blended-scotch-whisky-750ml,Chivas Regal 18 Yrs Blended Scotch Whisky,7550,31
chivas-regal-12-yr-1000ml,Chivas Regal 12 Yr,233,31
maya-pistola-joven-tequila-750ml,Maya Pistola Joven,2695,31
two-ocean-sauvignon-blanc-750ml,Two Ocean Sauvignon Blanc,1800,31
benchmark-old-no-8-750ml,Benchmark Old No 8,3200,31
bacardi-black-750ml,Bacardi Black,325,31
talisker-10-yrs-750ml,Talisker 10 Yrs,5800,31
bacardi-black-180ml,Bacardi Black,80,31
martell-xo-700ml,Martell XO,30000,31
heineken-beer-can-500ml,Heineken Beer Can,110,31
outback-jack-cab-merlot-750ml,Outback Jack Cab Merlot,1390,31
malhar-citrus-indian-craft-gin-750ml,Malhar Citrus Indian Craft Gin,3075,31
absolut-citron-200ml,Absolut Citron,645,31
louis-xiii-de-remy-martin-700ml,Louis XIII De Remy Martin,310000,31
jb-rare-750ml,J&B Rare,1900,31
clarendelle-bordeaux-blanc-750ml,Clarendelle Bordeaux Blanc,5326,31
patron-anojo-1000ml,Patron Anojo,7200,31
magic-moment-vodka-750ml,Magic Moment Vodka,350,31
russian-standard-gold-700ml,Russian Standard Gold,4500,31
johnnie-walker-red-label-200ml,Johnnie Walker Red Label,550,31
zonin-asti-docg-dolce-750ml,Zonin Asti Docg Dolce,1930,31
grover-art-collection-sauvignon-blanc-750ml,Grover Art Collection Sauvignon Blanc,820,31
jaisalmer-gin-750ml,Jaisalmer Gin,2800,31
smirnoff-vodka-1000ml,Smirnoff Vodka,55,31
baileys-strawberry-cream-750ml,Baileys Strawberry & Cream,2400,31
chivas-regal-25-yrs-750ml,Chivas Regal 25 Yrs,34000,31
robert-mondavi-napa-valley-cab-sauvignon-750ml,Robert Mondavi Napa Valley Cab Sauvignon,15000,31
sula-shiraz-cabernet-750ml,Sula Shiraz Cabernet,975,31
romanov-180ml,Romanov,67,31
caolila-malt-12yrs-750ml,Caolila Malt 12Yrs,5800,31
aberlour-18-year-700ml,Aberlour 18 Year,18200,31
fratelli-ms-chardonnay-sauvignon-blanc-750ml,Fratelli Ms Chardonnay Sauvignon Blanc,1000,31
dewars-12-years-750ml,Dewars 12 Years,3300,31
campo-viejo-tempranillo-red-750ml,Campo Viejo Tempranillo Red,1700,31
blender-pride-375ml,Blender Pride,350,31
paul-john-px-cask-750ml,Paul John Px Cask,8500,31
dom-perignon-brut-750ml,Dom Perignon Brut,32460,31
tuborg-light-can-500ml,Tuborg Light Can,80,31
teremana-blanco-750ml,Teremana Blanco,15000,31
sula-madera-white-wine-750ml,Sula Madera White Wine,495,31
corona-extra-330ml,Corona Extra,120,31
absolut-grapefruit-vodka-750ml,Absolut Grapefruit Vodka,2375,31
stolichnaya-750ml,Stolichnaya,2110,31
jaisalmer-gin-180ml,Jaisalmer Gin,240,31
ballantine-finest-blended-scotch-whisky-750ml,Ballantine Finest Blended Scotch Whisky,1850,31
hoegaarden-can-500ml,Hoegaarden Can,160,31
jim-beam-750ml,Jim Beam,2080,31
terrazas-reserva-malbec-750ml,Terrazas Reserva Malbec,3479,31
grover-art-collection-cab-shiraz-750ml,Grover Art Collection Cab Shiraz,935,31
g-h-mumm-brut-750ml,G H Mumm Brut,8000,31
short-story-dry-gin-750ml,Short Story Dry Gin,900,31
patron-silver-750ml,Patron Silver,7200,31
dsp-black-750ml,Dsp Black,195,31
michel-lynch-aoc-bordeaux-rouge-750ml,Michel Lynch Aoc Bordeaux Rouge,3556,31
the-yamazaki-single-malt-700ml,The Yamazaki Single Malt,16555,31
the-source-sauvignon-blanc-750ml,The Source Sauvignon Blanc,1150,31
paul-john-oloroso-select-cask-750ml,Paul John Oloroso Select Cask,5500,31
golden-sparrow-chardonnay-750ml,Golden Sparrow Chardonnay,1750,31
haymans-peach-and-rose-cup-700ml,Haymans Peach And Rose Cup,4500,31
bacardi-limon-180ml,Bacardi Limon,170,31
diplomatico-mantuano-750ml,Diplomatico Mantuano,3275,31
golden-sparrow-sangiovese-750ml,Golden Sparrow Sangiovese,1750,31
robert-mondavi-cabernet-sauvignon-750ml,Robert Mondavi Cabernet Sauvignon,15000,31
noi-sparkling-750ml,Noi Sparkling,980,31
black-white-750ml,Black & White,1450,31
johnnie-walker-double-black-750ml,Johnnie Walker Double Black,4000,31
ron-barcelo-blanco-750ml,Ron Barcelo Blanco,1649,31
smirnoff-vodka-375ml,Smirnoff Vodka,330,31
1800-anejo-750ml,1800 Anejo,7500,31
albert-bichot-beaujolais-village-750ml,Albert Bichot Beaujolais Village,3690,31
longmorn-the-distillers-choice-single-malt-700ml,Longmorn The Distillers Choice Single Malt,9600,31
amaretto-del-lago-700ml,Amaretto Del Lago,3285,31
martini-brut-750ml,Martini Brut,2200,31
100-pipers-12-years-750ml,100 Pipers 12 Years,2120,31
moet-n-chandon-brut-750ml,Moet N Chandon Brut,8965,31
cragganmore-12-yrs-750ml,Cragganmore 12 Yrs,6150,31
macallan-12-years-750ml,Macallan 12 Years,9029,31
beluga-noble-700ml,Beluga Noble,7290,31
don-julio-1942-750ml,Don Julio 1942,21000,31
glenmorangie-signet-750ml,Glenmorangie Signet,27919,31
laurent-perrier-brut-750ml,Laurent Perrier Brut,9950,31
terai-indian-craft-gin-750ml,Terai Indian Craft Gin,1999,31
kahlua-liquor-750ml,Kahlua Liquor,2570,31
uluvka-vodka-700ml,Uluvka Vodka,4950,31
100-pipers-dlx-blended-scotch-750ml,100 Pipers Dlx Blended Scotch,1450,31
martini-prosecco-750ml,Martini Prosecco,2200,31
kingfisher-ultra-330ml,Kingfisher Ultra,65,31
camikara-12yrs-rum-750ml,Camikara 12Yrs Rum,6500,31
grover-vijay-amritraj-white-750ml,Grover Vijay Amritraj White,1350,31
one-tree-hill-kadha-wine-750ml,One Tree Hill Kadha Wine,700,31
fratelli-chenin-blanc-750ml,Fratelli Chenin Blanc,775,31
fratelli-ms-sangiovese-rose-wine-750ml,Fratelli Ms Sangiovese Rose Wine,1500,31
bottega-merlot-750ml,Bottega Merlot,2199,31
sula-rasa-syrah-750ml,Sula Rasa Syrah,1690,31
ketel-one-vodka-750ml,Ketel One Vodka,2000,31
black-dog-black-centenary-375ml,Black Dog Black Centenary,120,31
johnnie-walker-blonde-700ml,Johnnie Walker Blonde,2460,31
jameson-irish-whiskey-200ml,Jameson Irish Whiskey,666,31
diplomatico-reserva-exclusiva-700ml,Diplomatico Reserva Exclusiva,5555,31
100-pipers-8-years-180ml,100 Pipers 8 Years,440,31
balvenie-12-yrs-700ml,Balvenie 12 Yrs,8640,31
grover-art-collection-chenin-blanc-750ml,Grover Art Collection Chenin Blanc,775,31
villa-sandi-asolo-prosecco-750ml,Villa Sandi Asolo Prosecco,2950,31
mcdowell-no1-platinum-180ml,Mcdowell No1 Platinum,90,31
pasqua-montepulciano-d-abruzzo-750ml,Pasqua Montepulciano D Abruzzo,2090,31
havana-club-anejo-3-anos-750ml,Havana Club Anejo 3 Anos,2380,31
blender-pride-750ml,Blender Pride,700,31
dewars-21yrs-500ml,Dewars 21Yrs,11000,31
absolut-citron-750ml,Absolut Citron,2375,31
vat-69-375ml,Vat 69,84,31
glenmorangie-the-quinta-ruban-750ml,Glenmorangie The Quinta Ruban,8483,31
teachers-highland-cream-750ml,Teachers Highland Cream,1460,31
tignanello-toscana-750ml,Tignanello Toscana,23750,31
budweiser-magnum-650ml,Budweiser Magnum,150,31
fantini-pinot-calalenta-rose-750ml,Fantini Pinot Calalenta Rose,2800,31
lagavulin-16years-750ml,Lagavulin 16Years,11500,31
fratelli-ms-sangiovese-cabernet-franc-syrah-750ml,Fratelli Ms Sangiovese Cabernet Franc Syrah,1150,31
kumeu-river-chardonnay-750ml,Kumeu River Chardonnay,3899,31
royal-stag-barrel-select-750ml,Royal Stag Barrel Select,400,31
royal-challenge-whisky-750ml,Royal Challenge Whisky,370,31
select-bitter-aperitif-700ml,Select Bitter Aperitif,2500,31
dsp-black-375ml,Dsp Black,67,31
five-reserve-chenin-blanc-750ml,Five Reserve Chenin Blanc,1499,31
skyy-vodka-750ml,Skyy Vodka,1502,31
cinzano-rosso-750ml,Cinzano Rosso,1495,31
jpn-sake-bunraku-honjozo-taruzake-720ml,Jpn Sake Bunraku Honjozo Taruzake,4950,31
black-dog-gold-reserve-180ml,Black Dog Gold Reserve,475,31
royal-stag-180ml,Royal Stag,95,31
moonshine-coffee-mead-330ml,Moonshine Coffee Mead,140,31
hapusa-dry-gin-750ml,Hapusa Dry Gin,2120,31
sula-sauvignon-blanc-750ml,Sula Sauvignon Blanc,775,31
mcdowell-no1-platinum-750ml,Mcdowell No1 Platinum,340,31
tuborg-light-330ml,Tuborg Light,60,31
jack-daniels-old-no-7-700ml,Jack Daniels Old No 7,213,31
burnetts-london-dry-gin-750ml,Burnetts London Dry Gin,2195,31
chivas-regal-xv-blended-scotch-whisky-750ml,Chivas Regal XV Blended Scotch Whisky,4850,31
monkey-47-schwarzwld-dry-500ml,Monkey 47 Schwarzwld Dry,4400,31
carlsberg-smooth-lager-500ml,Carlsberg Smooth Lager,100,31
camino-silver-750ml,Camino Silver,2600,31
mcdowell-celebration-rum-750ml,Mcdowell Celebration Rum,220,31
haku-vodka-1000ml,Haku Vodka,4000,31
johnnie-walker-black-label-750ml,Johnnie Walker Black Label,3150,31
absinthe-49-700ml,Absinthe 49,3750,31
paul-john-bold-rare-750ml,Paul John Bold Rare,4200,31
budweiser-magnum-double-barrel-750ml,Budweiser Magnum Double Barrel,1800,31
amora-white-wine-750ml,Amora White Wine,375,31
smirnoff-orange-flavour-750ml,Smirnoff Orange Flavour,700,31
royal-stag-375ml,Royal Stag,185,31
absolut-vodka-200ml,Absolut Vodka,565,31
francois-labet-ile-de-beaute-pinot-noir-750ml,Francois Labet Ile De Beaute Pinot Noir,4337,31
ron-barcelo-imperial-rum-750ml,Ron Barcelo Imperial Rum,6199,31
malibu-700ml,Malibu,2400,31
singleton-15yrs-750ml,Singleton 15Yrs,6900,31
chandon-brut-cuvee-750ml,Chandon Brut Cuvee,2600,31
smirnoff-green-apple-750ml,Smirnoff Green Apple,700,31
blue-nun-riesling-750ml,Blue Nun Riesling,1850,31
grant-distinction-ind-750ml,Grant Distinction Ind,1350,31
la-vielle-ferme-white-750ml,La Vielle Ferme White,1900,31
magic-moment-vodka-180ml,Magic Moment Vodka,95,31
drambuie-liqueur-750ml,Drambuie Liqueur,3050,31
fantini-pinot-grigio-750ml,Fantini Pinot Grigio,2175,31
brancott-estate-sauvignon-750ml,Brancott Estate Sauvignon,2200,31
sula-chenin-blanc-750ml,Sula Chenin Blanc,725,31
sante-chenin-blanc-750ml,Sante Chenin Blanc,470,31
the-famous-grouse-750ml,The Famous Grouse,2029,31
french-dog-grenache-750ml,French Dog Grenache,1780,31
khor-platinum-750ml,Khor Platinum,1650,31
bottega-prosecco-extra-dry-750ml,Bottega Prosecco Extra Dry,4800,31
armand-de-brignac-brut-gold-750ml,Armand De Brignac Brut Gold,59449,31
the-glenlivet-caribbean-reserve-single-malt-700ml,The Glenlivet Caribbean Reserve Single Malt,6000,31
don-julio-anejo-700ml,Don Julio Anejo,11100,31
glengrant-18yrs-750ml,Glengrant 18Yrs,10500,31
longmorn-16-yrs-oak-cask-single-malt-700ml,Longmorn 16 Yrs Oak Cask Single Malt,9600,31
black-dog-black-centenary-180ml,Black Dog Black Centenary,340,31
trapiche-pinot-grigio-750ml,Trapiche Pinot Grigio,1550,31
glenmorangie-nectar-750ml,Glenmorangie Nectar,9117,31
torres-vina-sol-750ml,Torres Vina Sol,1550,31
old-monk-375ml-375ml,Old Monk 375Ml,110,31
porto-niepoort-tawny-750ml,Porto Niepoort Tawny,3800,31
komagatake-single-malt-700ml,Komagatake Single Malt,18417,31
fratelli-merlot-750ml,Fratelli Merlot,1065,31
grey-goose-vodka-750ml,Grey Goose Vodka,3400,31
jacobs-creek-shiraz-cabernet-750ml,Jacobs Creek Shiraz Cabernet,1500,31
simba-wit-pint-330ml,Simba Wit Pint,80,31
laphroaig-select-single-malt-whisky-750ml,Laphroaig Select Single Malt Whisky,6000,31
paul-john-xo-brandy-750ml,Paul John XO Brandy,12500,31
peter-scot-black-single-malt-750ml,Peter Scot Black Single Malt,3200,31
100-pipers-8-years-750ml,100 Pipers 8 Years,1760,31
two-ocean-pintoage-700ml,Two Ocean Pintoage,1800,31
epitome-reserve-750ml,Epitome Reserve,11000,31
jagermeister-liqueur-375ml,Jagermeister Liqueur,1750,31
fantini-cerasuolo-d-abruzzo-750ml,Fantini Cerasuolo D Abruzzo,2200,31
teachers-50-750ml,Teachers 50,1900,31
bottega-poeti-prosecco-doc-750ml,Bottega Poeti Prosecco Doc,4800,31
jack-daniels-tennessee-apple-750ml,Jack Daniels Tennessee Apple,3200,31
sula-sparkling-shiraz-750ml,Sula Sparkling Shiraz,1570,31
hendricks-neptunia-gin-700ml,Hendricks Neptunia Gin,5200,31
amrut-amalgum-malt-whisky-750ml,Amrut Amalgum Malt Whisky,2750,31
buffalo-trace-bourbon-whiskey-750ml,Buffalo Trace Bourbon Whiskey,6600,31
le-grand-noir-rose-750ml,Le Grand Noir Rose,1625,31
oaksmith-international-whisky-750ml,Oaksmith International Whisky,390,31
glenfiddich-18-700ml,Glenfiddich 18,12810,31
hennessy-vsop-700ml,Hennessy VSOP,11019,31
royal-challenge-whisky-180ml,Royal Challenge Whisky,95,31
templeton-4yrs-750ml,Templeton 4Yrs,4850,31
roku-gin-700ml,Roku Gin,4200,31
monkey-shoulder-whisky-700ml,Monkey Shoulder Whisky,4500,31
moonshine-guava-chilli-mead-330ml,Moonshine Guava Chilli Mead,140,31
black-white-375ml,Black & White,115,31
two-oceans-chardonnay-2019-750ml,Two Oceans Chardonnay 2019,1800,31
glenlivet-21-yrs-700ml,Glenlivet 21 Yrs,28700,31
morpheus-brandy-180ml,Morpheus Brandy,160,31
moet-chandon-ice-imperial-1500ml,Moet & Chandon Ice Imperial,18823,31
cherrapunji-eastern-craft-gin-750ml,Cherrapunji Eastern Craft Gin,2900,31
jose-cuervo-especial-reposado-tequila-750ml,Jose Cuervo Especial Reposado Tequila,3050,31
kamet-whisky-750ml,Kamet Whisky,2999,31
the-source-rose-750ml,The Source Rose,1150,31
hennessy-vs-700ml,Hennessy Vs,5645,31
aberfeldy-21-year-700ml,Aberfeldy 21 Year,18500,31
kingfisher-strong-can-500ml,Kingfisher Strong Can,85,31
bushmills-12yrs-single-malt-700ml,Bushmills 12Yrs Single Malt,6000,31
magic-moment-green-apple-750ml,Magic Moment Green Apple,380,31
jacob-creek-merlot-750ml,Jacob Creek Merlot,1500,31
magic-moment-orange-750ml,Magic Moment Orange,380,31
william-lawson-750ml,William Lawson,1100,31
legacy-premium-blended-classic-whisky-750ml,Legacy Premium Blended Classic Whisky,715,31
ibf-bully-strong-beer-can-500ml,IBF Bully Strong Beer Can,115,31
dalwhinnie-15-yrs-750ml,Dalwhinnie 15 Yrs,6400,31
blenders-pride-reserve-collection-750ml,Blenders Pride Reserve Collection,840,31
smoke-vodka-classic-750ml,Smoke Vodka Classic,2100,31
imperial-blue-180ml,Imperial Blue,85,31
blind-tiger-imperial-secrets-500ml,Blind Tiger Imperial Secrets,7000,31
aberlour-12-year-700ml,Aberlour 12 Year,7000,31
imperial-blue-750ml,Imperial Blue,340,31
barolo-bersano-750ml,Barolo Bersano,7150,31
le-grand-noir-pinot-noir-750ml,Le Grand Noir Pinot Noir,1625,31
blind-tiger-piper-cubeba-500ml,Blind Tiger Piper Cubeba,7000,31
